<?xml version="1.0" encoding="UTF-8"?>
<project-private xmlns="http://www.netbeans.org/ns/project-private/1">
    <editor-bookmarks xmlns="http://www.netbeans.org/ns/editor-bookmarks/2" lastBookmarkId="0"/>
    <open-files xmlns="http://www.netbeans.org/ns/projectui-open-files/2">
        <group>
            <file>file:/home/miguel/NetBeansProjects/Trab1/src/so2/Postgres_connector.java</file>
            <file>file:/home/miguel/NetBeansProjects/Trab1/src/so2/BD_commands_interface.java</file>
            <file>file:/home/miguel/NetBeansProjects/Trab1/src/so2/Server.java</file>
            <file>file:/home/miguel/NetBeansProjects/Trab1/src/so2/User.java</file>
            <file>file:/home/miguel/NetBeansProjects/Trab1/src/so2/BD_commands_impl.java</file>
            <file>file:/home/miguel/NetBeansProjects/Trab1/src/so2/Produto.java</file>
            <file>file:/home/miguel/NetBeansProjects/Trab1/src/so2/Necessidade.java</file>
        </group>
    </open-files>
</project-private>
